player_id,platform,region,playstyle,default_difficulty,player_level_start,total_hours_played,dlc_purchased_date
1,PS5,North America,Combat,Normal,21,122.5,2023-11-09
2,PS5,North America,Combat,Normal,16,101.9,2024-04-27
3,PC,Europe,Balanced,Easy,25,126.3,2024-03-18
4,PC,North America,Netrunner,Easy,39,19.2,2024-03-20
5,PS5,Asia Pacific,Netrunner,Normal,39,16.0,2024-02-23
6,Xbox Series X,Europe,Balanced,Hard,19,10.2,2024-01-20
7,PS5,Other,Balanced,Very Hard,39,51.5,2024-03-30
8,PC,North America,Netrunner,Hard,19,110.4,2023-12-22
9,PS5,North America,Stealth,Normal,50,41.1,2024-03-10
10,Xbox Series X,Asia Pacific,Combat,Easy,35,73.4,2023-10-29
11,PC,Latin America,Balanced,Normal,46,72.4,2024-05-17
12,PC,North America,Netrunner,Normal,42,161.8,2024-04-17
13,PC,Other,Combat,Normal,18,155.3,2023-12-13
14,PS5,Asia Pacific,Stealth,Easy,39,108.1,2024-05-22
15,PS5,Other,Balanced,Easy,22,123.3,2024-06-26
16,PS5,Asia Pacific,Stealth,Normal,25,82.8,2024-02-07
17,Xbox Series X,Asia Pacific,Stealth,Easy,34,151.8,2024-06-11
18,PS5,North America,Netrunner,Normal,48,165.5,2024-03-09
19,PS5,North America,Stealth,Very Hard,34,44.6,2024-01-27
20,Xbox Series X,Latin America,Combat,Normal,19,176.1,2024-06-24
21,PS5,North America,Stealth,Normal,31,95.9,2024-04-29
22,Xbox Series X,Latin America,Netrunner,Hard,34,73.0,2024-04-04
23,PC,Europe,Combat,Normal,36,5.7,2024-01-21
24,PS5,North America,Netrunner,Easy,19,163.2,2024-03-13
25,PC,North America,Netrunner,Normal,23,130.8,2024-05-25
26,PC,Europe,Stealth,Easy,42,65.1,2024-04-23
27,PS5,Asia Pacific,Netrunner,Very Hard,21,12.8,2024-03-17
28,Xbox Series X,North America,Combat,Normal,23,77.1,2024-02-15
29,PS5,Asia Pacific,Combat,Hard,50,19.4,2024-06-28
30,Xbox Series X,Other,Balanced,Hard,25,74.3,2024-05-29
31,PC,Europe,Combat,Normal,39,49.2,2024-05-15
32,PC,Europe,Netrunner,Hard,46,29.6,2024-02-24
33,PC,North America,Netrunner,Easy,35,12.2,2024-05-27
34,PS5,Asia Pacific,Combat,Very Hard,20,153.5,2023-10-31
35,PS5,Europe,Combat,Easy,30,105.0,2023-10-16
36,PS5,Europe,Netrunner,Normal,31,38.4,2024-03-04
37,PC,Europe,Netrunner,Normal,35,167.4,2023-11-02
38,PC,Europe,Netrunner,Easy,49,39.9,2024-02-08
39,PC,North America,Combat,Normal,33,30.1,2024-06-30
40,PS5,Europe,Balanced,Hard,15,120.9,2024-02-26
41,Xbox Series X,North America,Balanced,Normal,21,134.2,2023-12-14
42,PC,Europe,Netrunner,Normal,31,92.0,2024-02-01
43,Xbox Series X,Asia Pacific,Combat,Normal,32,9.8,2024-03-14
44,PS5,Europe,Combat,Hard,50,127.6,2023-09-30
45,PC,Latin America,Netrunner,Easy,17,150.6,2023-12-10
46,PC,North America,Stealth,Very Hard,17,162.0,2024-01-11
47,PS5,Europe,Stealth,Hard,41,175.3,2023-12-14
48,Xbox Series X,North America,Combat,Hard,26,158.9,2023-10-08
49,PC,Latin America,Netrunner,Normal,30,49.5,2023-11-20
50,PC,North America,Stealth,Normal,44,64.2,2024-01-20
51,PC,Europe,Stealth,Normal,19,174.1,2024-02-15
52,PC,Europe,Netrunner,Hard,36,169.2,2023-11-24
53,Xbox Series X,North America,Netrunner,Very Hard,17,21.3,2024-05-05
54,PC,Asia Pacific,Stealth,Very Hard,22,70.6,2024-01-01
55,PC,Asia Pacific,Combat,Very Hard,49,124.3,2024-01-04
56,PC,North America,Netrunner,Normal,35,120.1,2023-11-28
57,PS5,North America,Stealth,Normal,40,126.1,2023-11-30
58,PC,Europe,Stealth,Hard,26,111.6,2024-02-27
59,PC,Asia Pacific,Stealth,Normal,35,84.8,2024-05-09
60,PS5,Europe,Netrunner,Very Hard,25,119.3,2024-02-18
61,PS5,Europe,Stealth,Hard,30,121.8,2024-01-19
62,Xbox Series X,North America,Combat,Very Hard,19,83.1,2024-01-03
63,PS5,Europe,Stealth,Easy,15,160.9,2023-11-19
64,PS5,North America,Balanced,Hard,44,10.9,2024-01-31
65,Xbox Series X,North America,Combat,Normal,48,177.8,2024-03-06
66,Xbox Series X,Latin America,Netrunner,Hard,47,78.0,2024-05-11
67,Xbox Series X,Asia Pacific,Stealth,Normal,30,151.5,2024-02-14
68,PS5,Europe,Netrunner,Normal,19,129.0,2024-01-24
69,PC,North America,Stealth,Easy,29,70.2,2023-12-13
70,PS5,North America,Stealth,Normal,41,13.1,2024-04-28
71,PC,Asia Pacific,Balanced,Easy,39,86.9,2024-03-24
72,PC,Europe,Balanced,Hard,49,135.1,2024-01-16
73,PS5,North America,Stealth,Normal,40,130.9,2024-05-22
74,Xbox Series X,Other,Stealth,Very Hard,16,16.9,2024-05-02
75,PC,Europe,Combat,Normal,28,82.9,2024-03-16
76,PS5,North America,Netrunner,Hard,31,150.6,2024-05-23
77,PC,Europe,Balanced,Normal,19,141.1,2023-10-16
78,PS5,Latin America,Combat,Easy,24,44.5,2024-05-25
79,PS5,Europe,Combat,Hard,38,31.9,2023-11-23
80,PS5,North America,Stealth,Hard,34,104.5,2024-04-05
81,PC,Asia Pacific,Combat,Hard,30,20.1,2024-02-27
82,Xbox Series X,Europe,Combat,Very Hard,17,63.8,2024-05-02
83,PS5,North America,Netrunner,Easy,41,148.4,2023-11-19
84,PC,North America,Balanced,Normal,24,79.5,2024-06-19
85,Xbox Series X,North America,Balanced,Normal,45,84.7,2024-02-10
86,PC,North America,Balanced,Normal,43,45.4,2024-05-20
87,PS5,Europe,Stealth,Normal,35,34.4,2024-01-12
88,PC,North America,Combat,Hard,32,100.9,2024-06-16
89,Xbox Series X,North America,Netrunner,Normal,30,124.9,2024-06-03
90,PC,North America,Combat,Normal,30,56.5,2024-04-01
91,PS5,Europe,Stealth,Hard,36,64.6,2024-05-15
92,PC,North America,Combat,Normal,22,134.2,2023-12-29
93,PC,Asia Pacific,Combat,Hard,48,108.2,2023-11-16
94,Xbox Series X,North America,Stealth,Normal,49,24.5,2023-10-19
95,Xbox Series X,Europe,Netrunner,Easy,46,20.3,2023-10-02
96,PS5,Europe,Stealth,Normal,18,46.9,2024-05-27
97,PC,North America,Stealth,Hard,18,29.0,2024-02-28
98,PC,North America,Netrunner,Normal,29,140.1,2024-04-07
99,PS5,Europe,Balanced,Very Hard,34,103.2,2023-10-26
100,PS5,Asia Pacific,Balanced,Normal,28,49.1,2023-11-06
101,PC,North America,Combat,Easy,43,124.7,2024-05-23
102,PC,North America,Netrunner,Hard,44,14.7,2024-01-23
103,Xbox Series X,Asia Pacific,Netrunner,Hard,27,77.7,2024-06-30
104,PC,North America,Combat,Easy,18,31.5,2024-03-01
105,PS5,Asia Pacific,Balanced,Normal,44,124.6,2024-04-19
106,Xbox Series X,Europe,Stealth,Easy,17,160.3,2024-03-09
107,PS5,North America,Combat,Hard,16,179.9,2024-02-10
108,PS5,Asia Pacific,Combat,Normal,43,165.1,2023-12-27
109,Xbox Series X,Europe,Balanced,Very Hard,45,63.9,2024-03-14
110,PC,North America,Combat,Normal,46,53.3,2024-04-18
111,Xbox Series X,Europe,Stealth,Normal,35,22.6,2024-04-19
112,Xbox Series X,Asia Pacific,Combat,Very Hard,44,75.6,2023-12-31
113,PS5,Europe,Stealth,Normal,18,38.2,2023-12-02
114,Xbox Series X,Europe,Netrunner,Easy,30,128.3,2024-03-03
115,PS5,Europe,Combat,Very Hard,22,84.1,2023-11-25
116,PS5,North America,Balanced,Normal,32,76.0,2024-05-30
117,Xbox Series X,North America,Netrunner,Normal,47,134.8,2023-12-04
118,Xbox Series X,North America,Netrunner,Normal,47,49.6,2023-09-27
119,PC,North America,Netrunner,Very Hard,46,156.0,2024-05-11
120,PS5,North America,Netrunner,Normal,44,168.0,2023-12-31
121,Xbox Series X,North America,Stealth,Very Hard,41,9.8,2024-05-25
122,PS5,Asia Pacific,Stealth,Hard,24,90.2,2023-10-14
123,PC,Other,Stealth,Easy,43,19.7,2024-05-16
124,PC,North America,Balanced,Very Hard,19,85.6,2024-02-08
125,PC,Europe,Netrunner,Very Hard,49,69.6,2024-03-06
126,PS5,Latin America,Stealth,Normal,19,43.8,2024-02-20
127,Xbox Series X,Asia Pacific,Stealth,Easy,21,81.0,2024-02-26
128,Xbox Series X,North America,Netrunner,Normal,38,78.7,2024-01-29
129,PS5,Europe,Netrunner,Normal,20,110.5,2024-04-08
130,PS5,North America,Balanced,Easy,44,115.5,2024-05-18
131,PC,North America,Balanced,Very Hard,49,30.1,2024-05-09
132,Xbox Series X,Other,Combat,Very Hard,31,83.3,2024-02-27
133,PC,Europe,Stealth,Normal,37,104.3,2024-02-24
134,PC,Asia Pacific,Stealth,Easy,18,164.1,2024-06-06
135,Xbox Series X,Latin America,Netrunner,Normal,37,41.0,2024-01-01
136,PS5,Europe,Netrunner,Hard,23,113.8,2023-10-16
137,PC,Europe,Netrunner,Hard,20,163.9,2024-03-11
138,PS5,North America,Combat,Normal,38,96.5,2024-02-12
139,Xbox Series X,North America,Balanced,Normal,33,134.9,2024-03-17
140,Xbox Series X,Europe,Combat,Hard,29,155.1,2024-04-16
141,Xbox Series X,Asia Pacific,Stealth,Hard,15,49.1,2023-11-28
142,PS5,Europe,Netrunner,Hard,38,21.3,2024-01-23
143,PS5,Europe,Balanced,Normal,29,117.3,2024-05-20
144,Xbox Series X,North America,Stealth,Easy,17,56.2,2024-06-04
145,PC,North America,Stealth,Normal,38,121.3,2024-06-28
146,PC,Asia Pacific,Combat,Normal,21,150.4,2024-04-21
147,Xbox Series X,North America,Netrunner,Normal,43,171.2,2024-03-29
148,PC,Europe,Stealth,Very Hard,37,12.8,2024-02-14
149,PC,North America,Balanced,Normal,28,116.2,2023-10-06
150,PC,North America,Balanced,Hard,28,14.2,2024-01-10
151,PS5,Asia Pacific,Combat,Hard,15,51.4,2023-12-09
152,Xbox Series X,Europe,Netrunner,Easy,16,25.5,2024-03-27
153,PS5,North America,Stealth,Normal,18,24.6,2024-04-28
154,PS5,Asia Pacific,Stealth,Hard,47,107.7,2024-05-14
155,PS5,Latin America,Combat,Hard,48,55.7,2023-10-11
156,PC,Europe,Stealth,Hard,46,128.8,2024-05-10
157,PC,North America,Netrunner,Easy,32,113.1,2024-03-10
158,PC,Europe,Combat,Normal,42,19.7,2023-11-23
159,Xbox Series X,Europe,Netrunner,Hard,28,78.6,2024-01-20
160,PC,Asia Pacific,Stealth,Hard,35,78.0,2024-02-03
161,PC,North America,Balanced,Easy,20,18.6,2023-11-14
162,PS5,North America,Combat,Easy,50,102.0,2023-11-27
163,PC,Asia Pacific,Balanced,Normal,18,174.4,2024-03-03
164,PC,Europe,Combat,Hard,29,152.8,2024-03-23
165,Xbox Series X,North America,Netrunner,Hard,42,152.4,2023-10-09
166,PS5,Europe,Netrunner,Easy,32,127.1,2024-03-02
167,Xbox Series X,North America,Combat,Easy,40,14.4,2023-10-11
168,PC,Europe,Stealth,Normal,25,67.9,2024-03-10
169,PS5,Europe,Combat,Easy,25,136.3,2023-10-21
170,PS5,North America,Netrunner,Normal,43,75.7,2024-01-14
171,PS5,North America,Stealth,Normal,46,95.8,2024-03-01
172,PC,Europe,Netrunner,Easy,34,170.3,2023-12-05
173,PS5,North America,Combat,Normal,42,33.3,2024-04-07
174,PS5,North America,Netrunner,Hard,37,14.8,2023-10-17
175,PC,Europe,Combat,Normal,42,104.1,2024-04-26
176,PC,Europe,Balanced,Normal,44,150.1,2024-03-29
177,PC,Asia Pacific,Combat,Hard,48,16.0,2024-03-02
178,PS5,North America,Netrunner,Easy,22,96.4,2024-01-03
179,Xbox Series X,North America,Netrunner,Hard,24,44.1,2023-12-09
180,PC,North America,Combat,Hard,19,33.5,2024-06-04
181,PS5,Europe,Netrunner,Hard,35,155.8,2024-03-05
182,PC,North America,Stealth,Normal,32,107.3,2024-03-24
183,PS5,North America,Stealth,Easy,33,15.7,2023-11-11
184,PS5,Europe,Stealth,Hard,17,82.1,2023-12-31
185,PC,Europe,Combat,Easy,21,146.4,2024-03-19
186,Xbox Series X,North America,Netrunner,Easy,43,178.4,2024-06-20
187,PS5,North America,Stealth,Normal,41,139.9,2023-10-22
188,PS5,Europe,Combat,Easy,39,52.6,2023-12-11
189,PC,Europe,Combat,Normal,40,25.0,2023-11-08
190,PC,North America,Netrunner,Hard,48,18.6,2024-04-29
191,PS5,North America,Stealth,Very Hard,36,170.7,2024-05-31
192,PC,Other,Combat,Normal,21,92.4,2024-06-28
193,Xbox Series X,Latin America,Combat,Normal,23,108.3,2023-12-13
194,PC,Asia Pacific,Netrunner,Hard,25,130.4,2023-10-18
195,PC,Europe,Combat,Normal,33,135.9,2024-05-12
196,PC,North America,Balanced,Hard,27,67.5,2024-05-08
197,PS5,North America,Stealth,Normal,25,147.4,2023-12-05
198,Xbox Series X,North America,Stealth,Normal,21,128.6,2024-06-16
199,Xbox Series X,North America,Netrunner,Normal,47,28.2,2024-05-06
200,PC,Latin America,Balanced,Very Hard,16,75.9,2024-04-15
201,PS5,North America,Balanced,Normal,16,58.7,2023-11-15
202,Xbox Series X,Europe,Netrunner,Easy,33,165.3,2024-05-24
203,PS5,North America,Netrunner,Normal,15,163.2,2023-10-05
204,PC,Asia Pacific,Stealth,Hard,48,77.3,2024-02-20
205,PC,North America,Combat,Hard,44,13.2,2024-06-07
206,PS5,North America,Stealth,Normal,24,53.8,2023-09-26
207,PS5,North America,Stealth,Hard,20,95.2,2024-03-28
208,PC,Europe,Stealth,Very Hard,50,5.6,2024-05-23
209,PC,Europe,Stealth,Hard,37,142.4,2024-03-20
210,PC,Europe,Combat,Hard,36,25.7,2024-03-24
211,PS5,Asia Pacific,Combat,Hard,44,176.6,2024-05-28
212,PS5,Asia Pacific,Combat,Hard,44,8.6,2024-01-07
213,PC,North America,Combat,Very Hard,47,72.9,2024-06-30
214,PS5,North America,Netrunner,Normal,18,156.1,2024-03-13
215,PC,Asia Pacific,Stealth,Normal,43,161.2,2024-04-10
216,PC,North America,Netrunner,Normal,48,49.5,2023-11-07
217,PS5,North America,Netrunner,Hard,49,54.3,2023-11-17
218,PC,Europe,Stealth,Hard,42,31.7,2024-05-10
219,PC,North America,Balanced,Normal,42,50.9,2023-10-25
220,PC,Europe,Stealth,Hard,25,171.6,2023-12-08
221,Xbox Series X,Europe,Stealth,Easy,30,140.6,2024-03-31
222,PC,Latin America,Combat,Normal,43,170.9,2024-04-03
223,PC,North America,Combat,Normal,35,117.6,2024-01-31
224,Xbox Series X,North America,Combat,Normal,50,23.0,2024-02-06
225,PS5,North America,Netrunner,Hard,46,37.6,2023-12-04
226,Xbox Series X,Europe,Balanced,Normal,20,146.3,2024-03-07
227,PS5,Asia Pacific,Stealth,Normal,34,153.5,2023-12-24
228,PS5,Europe,Combat,Normal,23,44.1,2024-06-04
229,PC,Europe,Stealth,Hard,50,25.1,2023-11-09
230,PC,Europe,Netrunner,Normal,41,138.9,2023-11-02
231,PC,North America,Combat,Normal,48,63.3,2023-12-28
232,PS5,North America,Stealth,Very Hard,22,94.2,2024-02-28
233,PC,North America,Netrunner,Normal,48,161.3,2023-11-05
234,PC,Europe,Netrunner,Easy,34,111.4,2023-11-12
235,PS5,North America,Balanced,Normal,36,152.0,2023-10-17
236,Xbox Series X,North America,Combat,Hard,31,117.9,2024-04-26
237,PS5,North America,Balanced,Normal,34,88.0,2024-04-20
238,PC,North America,Combat,Normal,45,84.7,2024-03-18
239,PS5,North America,Netrunner,Hard,37,175.6,2023-12-01
240,PS5,Europe,Combat,Normal,22,49.6,2024-01-30
241,PC,North America,Balanced,Very Hard,41,46.2,2023-12-16
242,Xbox Series X,Latin America,Netrunner,Normal,25,90.7,2024-06-15
243,PS5,Asia Pacific,Stealth,Easy,40,92.0,2024-01-27
244,PC,North America,Combat,Normal,45,52.9,2023-09-30
245,Xbox Series X,Europe,Balanced,Hard,40,67.1,2024-04-18
246,PC,Europe,Stealth,Normal,39,91.8,2024-02-16
247,Xbox Series X,Europe,Netrunner,Easy,21,72.1,2024-03-17
248,PS5,North America,Combat,Hard,40,91.0,2023-10-19
249,PC,Asia Pacific,Balanced,Normal,24,109.9,2024-06-15
250,PC,Latin America,Stealth,Normal,34,107.7,2024-06-11
251,Xbox Series X,Europe,Netrunner,Normal,16,67.6,2023-11-21
252,Xbox Series X,Europe,Netrunner,Hard,16,108.2,2024-02-08
253,Xbox Series X,Asia Pacific,Netrunner,Hard,18,105.9,2023-12-22
254,PS5,Asia Pacific,Netrunner,Normal,30,7.6,2023-11-21
255,PC,Europe,Stealth,Normal,28,75.0,2024-05-24
256,Xbox Series X,Asia Pacific,Combat,Easy,28,101.8,2024-05-27
257,PS5,North America,Combat,Very Hard,36,99.2,2024-02-08
258,PS5,North America,Combat,Hard,29,169.6,2024-02-25
259,PS5,Asia Pacific,Netrunner,Normal,45,64.1,2024-02-13
260,PC,Europe,Stealth,Very Hard,40,147.7,2023-12-09
261,PC,North America,Netrunner,Normal,43,118.8,2024-05-28
262,PC,Asia Pacific,Combat,Hard,32,26.4,2024-01-26
263,PC,Europe,Stealth,Hard,18,19.8,2024-03-13
264,PS5,North America,Netrunner,Easy,50,176.1,2023-12-15
265,PC,Latin America,Balanced,Normal,27,136.6,2024-02-20
266,PC,Europe,Balanced,Easy,29,97.3,2023-10-15
267,Xbox Series X,North America,Balanced,Normal,17,179.5,2024-04-16
268,PS5,North America,Netrunner,Very Hard,33,158.1,2023-09-30
269,PC,Europe,Balanced,Normal,44,178.1,2024-06-30
270,PS5,Latin America,Combat,Normal,32,36.3,2023-11-22
271,PC,Asia Pacific,Netrunner,Hard,15,133.1,2024-02-24
272,PS5,Asia Pacific,Combat,Very Hard,40,149.2,2024-06-15
273,PC,Europe,Combat,Very Hard,45,59.6,2024-01-31
274,PC,Europe,Stealth,Normal,36,55.7,2023-10-01
275,PC,North America,Combat,Hard,44,56.6,2024-04-20
276,PS5,Latin America,Balanced,Hard,22,115.7,2024-02-24
277,PC,North America,Balanced,Normal,44,135.1,2024-04-04
278,PC,Europe,Stealth,Normal,28,137.6,2023-11-06
279,PS5,Europe,Stealth,Very Hard,22,13.0,2024-06-10
280,PC,Europe,Combat,Very Hard,43,22.7,2024-01-09
281,PS5,Europe,Balanced,Normal,18,82.7,2024-06-14
282,PC,Europe,Netrunner,Hard,34,130.7,2024-04-15
283,PC,North America,Combat,Easy,42,63.3,2023-10-28
284,PS5,North America,Balanced,Very Hard,45,7.6,2024-04-22
285,PC,North America,Netrunner,Hard,41,68.7,2024-04-08
286,PC,Latin America,Stealth,Easy,49,25.7,2024-03-22
287,PC,Other,Stealth,Easy,29,150.6,2023-10-07
288,Xbox Series X,Europe,Netrunner,Normal,39,148.6,2024-01-30
289,PS5,North America,Combat,Very Hard,22,7.7,2024-04-27
290,PS5,Latin America,Balanced,Normal,19,20.0,2023-10-13
291,PC,Europe,Balanced,Normal,17,73.6,2024-01-23
292,PS5,Asia Pacific,Netrunner,Easy,33,43.7,2024-03-07
293,PS5,Asia Pacific,Balanced,Normal,24,177.5,2024-06-18
294,PC,North America,Combat,Very Hard,26,113.4,2024-05-01
295,PS5,North America,Stealth,Hard,39,141.9,2024-03-07
296,PS5,Europe,Combat,Normal,49,86.3,2024-01-19
297,PC,Asia Pacific,Balanced,Very Hard,50,75.5,2024-04-26
298,PS5,North America,Combat,Normal,20,166.2,2024-04-02
299,PC,Asia Pacific,Combat,Normal,17,157.5,2023-12-31
300,Xbox Series X,Europe,Netrunner,Normal,28,156.8,2024-03-14
301,PC,Latin America,Combat,Normal,22,134.9,2024-05-28
302,Xbox Series X,Europe,Netrunner,Normal,30,100.3,2024-02-17
303,PC,Europe,Stealth,Normal,47,159.1,2024-05-21
304,PC,Other,Stealth,Hard,28,68.0,2024-04-24
305,PC,Asia Pacific,Netrunner,Easy,50,168.4,2024-04-26
306,PC,North America,Combat,Hard,30,90.9,2024-03-16
307,PC,Asia Pacific,Balanced,Hard,46,84.0,2024-03-24
308,PC,Asia Pacific,Stealth,Very Hard,49,178.3,2023-10-26
309,PS5,Asia Pacific,Combat,Hard,18,138.1,2024-04-24
310,PC,Europe,Combat,Normal,28,92.0,2024-04-04
311,PC,Europe,Balanced,Very Hard,46,4.8,2024-06-24
312,PS5,North America,Stealth,Normal,33,5.1,2024-05-03
313,Xbox Series X,Latin America,Combat,Easy,24,44.9,2024-06-21
314,PC,North America,Netrunner,Easy,40,83.7,2024-01-28
315,Xbox Series X,North America,Netrunner,Hard,17,18.6,2024-04-07
316,PC,Europe,Netrunner,Hard,20,91.0,2024-05-05
317,PS5,North America,Balanced,Very Hard,48,165.6,2024-01-21
318,PC,Asia Pacific,Balanced,Normal,17,166.5,2024-02-16
319,Xbox Series X,Europe,Combat,Very Hard,35,4.8,2024-01-10
320,PS5,Asia Pacific,Netrunner,Normal,19,55.3,2024-01-27
321,PS5,Asia Pacific,Netrunner,Normal,39,136.5,2023-12-06
322,PS5,Europe,Combat,Hard,37,11.6,2024-05-06
323,PC,North America,Netrunner,Hard,40,174.5,2024-03-11
324,PC,North America,Balanced,Normal,37,100.4,2024-04-05
325,PC,Europe,Netrunner,Easy,33,144.1,2023-11-02
326,PC,North America,Netrunner,Hard,39,58.4,2023-11-19
327,PC,Latin America,Stealth,Hard,21,25.6,2023-12-30
328,PC,Europe,Stealth,Easy,20,65.0,2023-11-12
329,PS5,Asia Pacific,Balanced,Easy,41,71.0,2023-11-08
330,PS5,Europe,Balanced,Normal,48,32.2,2024-04-07
331,PC,North America,Combat,Easy,25,79.4,2024-04-28
332,PC,Asia Pacific,Stealth,Very Hard,46,107.7,2024-01-04
333,PS5,North America,Combat,Normal,39,145.1,2024-03-12
334,PC,Europe,Balanced,Hard,23,55.5,2024-01-06
335,PS5,North America,Stealth,Normal,46,174.3,2024-01-28
336,PC,North America,Netrunner,Normal,27,107.4,2023-12-27
337,PS5,Europe,Balanced,Normal,28,80.0,2024-02-22
338,Xbox Series X,North America,Balanced,Hard,46,26.8,2024-02-28
339,PC,Europe,Netrunner,Hard,19,81.9,2024-05-28
340,PS5,Europe,Balanced,Very Hard,41,98.8,2024-03-28
341,PS5,Asia Pacific,Netrunner,Very Hard,21,138.9,2024-03-25
342,PC,Europe,Netrunner,Hard,40,174.1,2024-03-13
343,Xbox Series X,Europe,Combat,Normal,47,134.9,2024-01-17
344,PC,Europe,Netrunner,Hard,47,28.8,2023-10-08
345,PS5,North America,Balanced,Easy,24,64.0,2024-03-19
346,PS5,North America,Stealth,Normal,43,130.5,2024-05-14
347,PC,North America,Balanced,Easy,36,117.3,2023-12-19
348,Xbox Series X,Asia Pacific,Stealth,Hard,36,101.7,2024-05-19
349,PC,Europe,Combat,Hard,42,72.4,2024-01-05
350,PC,Europe,Combat,Normal,32,135.9,2023-10-28
351,PS5,Asia Pacific,Stealth,Normal,27,83.4,2024-02-07
352,PS5,Europe,Balanced,Normal,39,110.8,2023-11-23
353,PC,Asia Pacific,Netrunner,Hard,34,165.5,2023-11-08
354,PS5,North America,Combat,Easy,38,125.4,2024-06-13
355,PC,Europe,Netrunner,Normal,46,115.1,2023-12-23
356,PS5,Europe,Combat,Normal,43,112.3,2024-03-27
357,Xbox Series X,Europe,Combat,Normal,50,92.0,2024-06-05
358,PC,Europe,Netrunner,Normal,25,16.7,2023-10-11
359,PS5,North America,Combat,Normal,33,31.9,2024-05-17
360,PS5,Asia Pacific,Stealth,Normal,22,49.7,2024-06-30
361,Xbox Series X,North America,Balanced,Easy,43,99.3,2024-04-30
362,PC,Asia Pacific,Netrunner,Normal,17,82.1,2024-03-22
363,Xbox Series X,North America,Balanced,Easy,30,39.4,2024-03-23
364,Xbox Series X,Europe,Stealth,Hard,28,146.8,2023-10-26
365,PS5,Europe,Netrunner,Normal,33,53.5,2024-02-09
366,Xbox Series X,Europe,Balanced,Hard,23,173.4,2024-04-23
367,Xbox Series X,Other,Balanced,Easy,23,46.4,2024-03-08
368,Xbox Series X,Asia Pacific,Netrunner,Normal,32,113.8,2024-04-05
369,PS5,Europe,Balanced,Easy,47,135.5,2024-04-01
370,PS5,Europe,Netrunner,Very Hard,20,132.1,2024-05-17
371,PS5,Europe,Balanced,Hard,40,40.8,2024-05-02
372,Xbox Series X,Europe,Stealth,Normal,50,104.9,2024-05-31
373,PS5,Latin America,Netrunner,Easy,44,4.9,2023-12-15
374,PC,North America,Balanced,Normal,23,159.0,2024-02-27
375,PC,Latin America,Combat,Hard,31,16.7,2023-12-19
376,PC,Europe,Netrunner,Hard,42,118.7,2023-11-13
377,PC,Europe,Combat,Normal,43,3.7,2024-03-19
378,Xbox Series X,Other,Stealth,Easy,19,42.8,2023-11-10
379,PS5,North America,Stealth,Very Hard,23,70.1,2023-12-03
380,PS5,Europe,Combat,Hard,25,80.3,2024-01-13
381,PS5,North America,Stealth,Hard,28,17.4,2023-11-16
382,PC,North America,Netrunner,Normal,42,58.0,2023-12-06
383,PC,Europe,Combat,Hard,33,140.7,2023-10-09
384,Xbox Series X,Europe,Stealth,Normal,47,35.6,2024-04-13
385,PC,North America,Balanced,Very Hard,46,70.7,2024-01-27
386,PS5,Europe,Stealth,Very Hard,38,168.2,2023-12-02
387,PC,Asia Pacific,Stealth,Normal,26,137.8,2023-11-02
388,PC,North America,Combat,Easy,18,170.9,2024-04-16
389,PS5,Europe,Stealth,Normal,40,16.7,2024-06-26
390,PS5,North America,Combat,Easy,28,175.4,2023-12-14
391,PS5,Europe,Netrunner,Hard,19,57.2,2024-05-06
392,PS5,Asia Pacific,Combat,Easy,42,22.6,2023-10-24
393,PC,Asia Pacific,Netrunner,Easy,23,126.9,2023-12-18
394,PS5,North America,Stealth,Hard,31,31.7,2023-11-29
395,PS5,Asia Pacific,Netrunner,Easy,16,61.6,2024-05-02
396,PC,North America,Netrunner,Hard,19,90.3,2024-06-13
397,PC,Europe,Netrunner,Normal,31,139.7,2023-11-24
398,PC,Europe,Combat,Very Hard,30,10.2,2024-03-30
399,PC,North America,Balanced,Very Hard,50,145.0,2024-04-27
400,PC,North America,Balanced,Normal,19,103.7,2023-11-26
401,PS5,Latin America,Combat,Hard,17,171.8,2023-10-31
402,Xbox Series X,Asia Pacific,Netrunner,Normal,20,100.5,2023-09-30
403,PC,North America,Netrunner,Hard,30,84.6,2024-06-04
404,Xbox Series X,Asia Pacific,Netrunner,Normal,30,28.8,2024-04-22
405,PC,Europe,Netrunner,Hard,15,171.3,2023-09-26
406,PS5,North America,Netrunner,Normal,28,96.3,2024-01-25
407,PC,Other,Balanced,Easy,32,18.6,2024-01-22
408,Xbox Series X,Europe,Netrunner,Normal,20,105.4,2024-06-10
409,PC,Asia Pacific,Combat,Hard,42,119.9,2023-12-01
410,PC,North America,Stealth,Hard,35,58.6,2024-02-12
411,PC,Latin America,Combat,Hard,21,29.7,2023-12-19
412,PC,North America,Combat,Normal,28,82.4,2024-05-20
413,PC,North America,Combat,Hard,17,40.3,2024-03-11
414,PC,Asia Pacific,Balanced,Normal,18,122.5,2024-02-06
415,Xbox Series X,North America,Balanced,Very Hard,50,135.2,2024-01-31
416,PC,North America,Netrunner,Easy,18,149.8,2024-01-17
417,PC,Asia Pacific,Stealth,Hard,20,105.7,2024-02-05
418,Xbox Series X,North America,Balanced,Normal,43,146.1,2023-11-12
419,Xbox Series X,Asia Pacific,Stealth,Easy,44,11.0,2024-05-04
420,Xbox Series X,Europe,Combat,Hard,26,65.0,2023-12-30
421,PC,Europe,Combat,Hard,30,117.2,2024-06-07
422,PC,Europe,Combat,Normal,23,76.6,2024-06-21
423,PC,Other,Stealth,Easy,39,141.2,2024-03-27
424,PS5,Asia Pacific,Stealth,Hard,35,71.1,2023-12-27
425,PC,Europe,Combat,Hard,32,12.4,2024-05-24
426,PS5,Asia Pacific,Balanced,Very Hard,21,46.1,2024-01-27
427,PC,Asia Pacific,Balanced,Easy,29,104.5,2024-04-11
428,PC,Asia Pacific,Balanced,Normal,35,145.5,2024-03-27
429,Xbox Series X,North America,Netrunner,Very Hard,24,102.2,2023-12-31
430,Xbox Series X,Asia Pacific,Balanced,Normal,26,89.3,2023-11-11
431,PC,Europe,Combat,Normal,36,165.4,2024-01-07
432,Xbox Series X,North America,Combat,Hard,35,12.6,2023-12-10
433,PS5,Latin America,Netrunner,Hard,38,173.0,2024-04-04
434,PS5,Europe,Netrunner,Normal,35,26.3,2023-12-15
435,PS5,Europe,Netrunner,Normal,35,33.0,2024-03-26
436,PC,Europe,Combat,Normal,33,24.7,2023-09-26
437,Xbox Series X,Latin America,Stealth,Very Hard,17,34.4,2024-03-06
438,Xbox Series X,Other,Combat,Hard,46,27.0,2023-11-04
439,PC,Other,Combat,Very Hard,20,148.3,2024-03-15
440,PC,North America,Combat,Easy,31,142.1,2023-09-26
441,PC,Europe,Stealth,Normal,41,89.8,2024-04-06
442,PC,North America,Balanced,Hard,29,31.0,2023-11-02
443,PS5,North America,Combat,Normal,21,15.2,2023-12-22
444,Xbox Series X,North America,Combat,Very Hard,20,62.2,2024-05-30
445,PS5,Europe,Netrunner,Hard,42,30.0,2023-11-16
446,PC,Other,Stealth,Hard,49,49.2,2024-02-17
447,PC,North America,Stealth,Normal,46,29.3,2024-03-28
448,PC,North America,Balanced,Hard,45,37.5,2023-10-09
449,PC,Europe,Balanced,Normal,22,56.9,2024-04-16
450,PS5,Latin America,Combat,Hard,39,34.9,2024-04-08
451,PC,Europe,Combat,Normal,29,151.0,2023-10-27
452,PC,Europe,Combat,Hard,49,75.7,2024-01-20
453,PS5,Asia Pacific,Balanced,Normal,49,124.3,2024-05-26
454,PS5,North America,Combat,Normal,17,91.4,2024-06-16
455,Xbox Series X,Europe,Netrunner,Easy,43,32.8,2023-12-20
456,Xbox Series X,Asia Pacific,Combat,Normal,42,37.9,2023-12-10
457,Xbox Series X,North America,Balanced,Very Hard,19,17.5,2024-04-16
458,PS5,Asia Pacific,Stealth,Very Hard,15,142.0,2024-06-19
459,PS5,North America,Combat,Hard,21,166.6,2023-11-16
460,PS5,Asia Pacific,Balanced,Very Hard,31,70.2,2024-05-31
461,PS5,Europe,Combat,Normal,40,8.9,2024-03-13
462,PS5,North America,Stealth,Normal,38,5.6,2024-02-28
463,PC,Asia Pacific,Balanced,Hard,29,25.9,2024-05-09
464,PS5,North America,Netrunner,Hard,20,35.5,2024-01-12
465,Xbox Series X,Europe,Stealth,Normal,38,148.1,2024-06-15
466,PS5,North America,Netrunner,Normal,48,158.5,2023-10-10
467,PC,Asia Pacific,Combat,Easy,17,83.2,2024-03-28
468,PS5,North America,Balanced,Normal,22,123.2,2024-01-27
469,PC,Europe,Combat,Very Hard,50,64.3,2023-12-18
470,Xbox Series X,North America,Balanced,Easy,16,70.8,2023-12-18
471,Xbox Series X,Asia Pacific,Combat,Normal,29,122.6,2024-02-10
472,PS5,Europe,Balanced,Very Hard,15,86.4,2023-12-02
473,PS5,Europe,Combat,Normal,34,128.9,2024-02-13
474,PC,North America,Stealth,Normal,44,55.8,2024-06-18
475,Xbox Series X,Europe,Combat,Normal,38,101.9,2024-02-17
476,PC,North America,Combat,Very Hard,35,155.3,2024-02-06
477,PS5,Latin America,Netrunner,Normal,48,138.3,2023-10-25
478,Xbox Series X,Asia Pacific,Netrunner,Hard,23,130.4,2024-06-06
479,Xbox Series X,North America,Stealth,Normal,17,105.8,2024-01-01
480,PC,Asia Pacific,Netrunner,Hard,45,163.4,2024-03-27
481,PS5,Asia Pacific,Balanced,Very Hard,26,54.3,2024-05-24
482,PC,North America,Balanced,Hard,26,170.6,2024-03-15
483,PS5,North America,Combat,Very Hard,41,142.3,2024-03-13
484,PC,Europe,Stealth,Easy,18,156.2,2023-11-01
485,PS5,North America,Combat,Hard,48,55.1,2023-10-23
486,Xbox Series X,North America,Balanced,Normal,44,27.5,2023-12-27
487,PS5,Europe,Netrunner,Normal,18,2.8,2024-02-13
488,PC,Asia Pacific,Netrunner,Normal,20,25.0,2024-05-05
489,PS5,Europe,Balanced,Normal,17,97.0,2024-04-04
490,Xbox Series X,Latin America,Netrunner,Normal,16,122.5,2024-01-31
491,PC,Asia Pacific,Stealth,Easy,47,106.8,2023-12-20
492,PC,North America,Balanced,Normal,48,108.2,2024-03-16
493,PC,Europe,Combat,Very Hard,46,65.9,2023-12-31
494,PC,Latin America,Balanced,Easy,29,131.4,2023-12-02
495,PC,North America,Stealth,Easy,17,68.8,2024-02-03
496,PS5,Europe,Netrunner,Easy,21,118.3,2023-10-06
497,PC,North America,Stealth,Easy,31,86.4,2023-12-13
498,PC,Europe,Combat,Normal,21,119.9,2024-02-11
499,PS5,Asia Pacific,Stealth,Very Hard,47,129.9,2023-11-25
500,PC,Asia Pacific,Stealth,Hard,31,150.0,2024-01-07
501,PC,Europe,Combat,Normal,28,124.5,2024-05-29
502,PC,North America,Netrunner,Very Hard,46,28.5,2023-11-11
503,PS5,North America,Netrunner,Very Hard,29,83.3,2024-02-24
504,PC,North America,Balanced,Very Hard,33,66.1,2024-03-04
505,PC,North America,Balanced,Very Hard,15,153.7,2023-12-22
506,PC,Latin America,Balanced,Normal,20,68.3,2024-03-19
507,PC,Europe,Balanced,Normal,39,124.8,2024-05-27
508,PS5,Europe,Netrunner,Easy,18,176.7,2023-12-16
509,PC,Latin America,Stealth,Hard,43,34.3,2024-04-07
510,PS5,Europe,Balanced,Very Hard,23,88.0,2024-06-01
511,PC,Europe,Combat,Normal,35,4.2,2024-06-20
512,PS5,Europe,Netrunner,Very Hard,36,94.4,2023-11-13
513,PC,Asia Pacific,Stealth,Hard,39,28.5,2023-10-23
514,PC,Latin America,Stealth,Normal,46,156.8,2023-11-03
515,PS5,North America,Stealth,Normal,47,41.6,2024-04-06
516,PC,North America,Stealth,Hard,43,17.7,2024-06-07
517,PC,North America,Stealth,Hard,21,73.8,2023-10-14
518,PS5,North America,Combat,Hard,34,160.4,2024-01-09
519,PS5,Europe,Stealth,Hard,29,152.3,2024-03-13
520,PS5,Europe,Stealth,Hard,43,22.3,2024-01-17
521,PC,North America,Netrunner,Hard,50,94.9,2023-11-19
522,PC,North America,Combat,Hard,41,21.0,2024-01-04
523,PC,Latin America,Stealth,Normal,27,129.6,2023-11-20
524,PS5,North America,Netrunner,Hard,22,139.4,2024-05-13
525,PS5,Europe,Stealth,Very Hard,15,96.4,2023-10-20
526,PS5,Europe,Netrunner,Very Hard,26,125.1,2023-12-23
527,PS5,North America,Stealth,Hard,35,91.7,2024-04-09
528,PC,Europe,Netrunner,Normal,40,173.5,2024-02-23
529,PS5,North America,Stealth,Hard,47,55.2,2024-03-04
530,PS5,Latin America,Netrunner,Normal,33,124.2,2023-12-02
531,Xbox Series X,Europe,Balanced,Normal,35,128.4,2024-03-24
532,PS5,Europe,Balanced,Hard,49,52.9,2024-04-29
533,Xbox Series X,Europe,Combat,Easy,18,37.6,2023-12-17
534,Xbox Series X,Europe,Combat,Easy,33,38.3,2024-06-29
535,PC,Asia Pacific,Combat,Very Hard,50,155.9,2024-04-12
536,PC,Asia Pacific,Netrunner,Normal,18,166.9,2024-04-11
537,PC,Asia Pacific,Netrunner,Very Hard,18,4.3,2024-02-01
538,PC,Asia Pacific,Balanced,Normal,29,164.2,2024-04-01
539,PS5,Europe,Netrunner,Hard,27,54.4,2023-12-25
540,Xbox Series X,North America,Balanced,Hard,22,69.1,2024-05-02
541,PC,North America,Combat,Hard,15,60.8,2023-12-14
542,PC,Latin America,Netrunner,Hard,34,89.3,2024-03-27
543,PC,Asia Pacific,Stealth,Very Hard,48,14.1,2024-06-10
544,PC,Europe,Stealth,Normal,28,120.1,2024-03-13
545,PC,North America,Netrunner,Normal,50,148.6,2023-09-30
546,PC,North America,Combat,Hard,30,172.7,2024-03-08
547,PC,Asia Pacific,Combat,Normal,33,6.4,2024-06-16
548,Xbox Series X,North America,Balanced,Normal,17,54.8,2024-01-02
549,PC,North America,Combat,Very Hard,49,96.9,2023-10-29
550,PC,Europe,Combat,Hard,21,38.6,2024-05-05
551,PS5,Latin America,Netrunner,Normal,44,129.6,2023-10-15
552,PC,North America,Netrunner,Hard,29,164.2,2024-04-21
553,PC,Europe,Stealth,Easy,22,97.2,2023-10-28
554,PS5,Europe,Netrunner,Easy,47,20.9,2024-02-27
555,PS5,North America,Balanced,Normal,16,86.4,2024-06-25
556,PC,Asia Pacific,Netrunner,Hard,33,172.9,2023-12-08
557,PC,Latin America,Balanced,Very Hard,38,172.4,2023-10-01
558,PS5,Europe,Combat,Easy,40,97.6,2023-11-08
559,PC,Asia Pacific,Balanced,Normal,41,163.2,2024-06-14
560,PC,North America,Netrunner,Normal,22,34.3,2023-10-23
561,Xbox Series X,Latin America,Balanced,Normal,50,15.0,2023-10-30
562,PC,North America,Netrunner,Very Hard,37,24.8,2024-01-24
563,PC,Europe,Balanced,Normal,43,60.4,2024-02-29
564,PS5,North America,Netrunner,Hard,42,32.0,2024-03-04
565,PC,North America,Netrunner,Normal,38,25.9,2024-03-13
566,Xbox Series X,Europe,Stealth,Normal,50,21.4,2023-11-06
567,Xbox Series X,Asia Pacific,Combat,Normal,31,132.6,2023-11-04
568,PS5,Latin America,Balanced,Hard,40,138.9,2024-01-12
569,Xbox Series X,Europe,Stealth,Very Hard,45,118.4,2023-12-11
570,PC,North America,Netrunner,Hard,33,25.8,2024-06-08
571,PS5,Europe,Stealth,Hard,25,136.8,2023-12-06
572,PC,North America,Balanced,Hard,24,133.0,2024-05-30
573,Xbox Series X,North America,Netrunner,Normal,31,67.8,2023-10-17
574,PS5,Europe,Netrunner,Normal,44,158.9,2023-10-16
575,Xbox Series X,North America,Netrunner,Normal,32,150.6,2024-02-07
576,PS5,Europe,Stealth,Normal,19,94.0,2024-04-05
577,Xbox Series X,North America,Stealth,Hard,37,88.7,2024-05-29
578,Xbox Series X,North America,Balanced,Normal,29,15.7,2024-02-16
579,PC,North America,Stealth,Hard,22,119.7,2024-04-25
580,Xbox Series X,Asia Pacific,Stealth,Normal,28,107.2,2024-04-23
581,PC,North America,Netrunner,Normal,47,9.0,2023-12-10
582,PC,North America,Combat,Very Hard,16,158.4,2024-02-18
583,Xbox Series X,North America,Netrunner,Normal,45,32.4,2024-04-23
584,PS5,Asia Pacific,Balanced,Normal,47,49.1,2024-03-19
585,Xbox Series X,Europe,Combat,Normal,23,21.3,2024-01-07
586,PS5,Latin America,Netrunner,Hard,21,33.6,2023-10-15
587,Xbox Series X,Europe,Netrunner,Easy,23,162.6,2024-06-28
588,Xbox Series X,Latin America,Netrunner,Hard,48,76.9,2023-10-18
589,PS5,Europe,Balanced,Normal,39,64.4,2023-11-15
590,PC,North America,Netrunner,Very Hard,20,52.4,2024-06-30
591,PC,North America,Netrunner,Hard,48,23.0,2023-09-29
592,PC,North America,Balanced,Normal,21,29.6,2024-02-02
593,PC,Europe,Netrunner,Hard,40,136.4,2024-04-24
594,PS5,Europe,Combat,Hard,45,47.2,2024-03-01
595,PS5,Asia Pacific,Stealth,Easy,22,135.1,2024-05-11
596,PS5,Latin America,Combat,Normal,36,144.6,2023-10-22
597,PC,Other,Combat,Easy,24,86.0,2024-05-05
598,PC,North America,Stealth,Hard,39,167.7,2024-04-18
599,PS5,Europe,Netrunner,Hard,26,116.0,2024-05-07
600,PC,Asia Pacific,Balanced,Normal,27,8.0,2024-06-13
601,PS5,North America,Combat,Easy,30,118.6,2023-12-15
602,PC,North America,Stealth,Hard,40,106.3,2024-06-17
603,PC,Asia Pacific,Balanced,Normal,50,164.9,2024-03-22
604,PC,Asia Pacific,Combat,Very Hard,44,167.5,2023-09-28
605,PC,Europe,Combat,Easy,33,62.5,2023-11-24
606,Xbox Series X,Latin America,Balanced,Hard,31,125.6,2024-04-06
607,PS5,Asia Pacific,Netrunner,Very Hard,44,123.3,2023-10-10
608,PS5,North America,Stealth,Hard,29,122.5,2024-01-21
609,Xbox Series X,Europe,Stealth,Normal,31,46.2,2023-11-12
610,PC,Asia Pacific,Stealth,Hard,26,86.8,2024-03-25
611,PC,Europe,Combat,Hard,27,90.8,2024-01-06
612,PC,North America,Combat,Normal,30,150.9,2024-03-26
613,PC,North America,Balanced,Hard,46,111.3,2024-06-29
614,Xbox Series X,Asia Pacific,Stealth,Normal,32,89.4,2024-06-13
615,PC,North America,Netrunner,Easy,42,87.1,2024-06-28
616,PC,North America,Balanced,Hard,44,175.8,2024-06-17
617,PS5,Europe,Combat,Normal,21,59.9,2024-02-05
618,PC,North America,Combat,Very Hard,36,67.1,2024-06-07
619,PC,Europe,Netrunner,Normal,40,51.8,2023-12-27
620,PS5,Other,Netrunner,Hard,32,145.1,2024-05-04
621,Xbox Series X,North America,Balanced,Hard,45,145.4,2023-12-25
622,PC,North America,Balanced,Hard,49,130.3,2024-06-01
623,PC,Europe,Netrunner,Normal,25,12.7,2024-02-03
624,PS5,Europe,Stealth,Normal,38,66.1,2024-02-04
625,PC,Europe,Stealth,Hard,27,104.7,2024-06-27
626,PC,Asia Pacific,Stealth,Hard,46,139.9,2024-05-11
627,Xbox Series X,Europe,Combat,Hard,24,156.5,2024-03-16
628,PC,Europe,Stealth,Very Hard,20,30.8,2024-01-20
629,PC,Europe,Netrunner,Hard,40,50.3,2024-05-10
630,PS5,Latin America,Netrunner,Normal,43,75.7,2023-12-29
631,Xbox Series X,North America,Combat,Normal,20,39.5,2024-04-16
632,PC,North America,Balanced,Normal,16,139.2,2024-06-20
633,PS5,North America,Combat,Normal,39,57.1,2024-01-30
634,PS5,Europe,Combat,Normal,25,7.1,2024-03-26
635,Xbox Series X,North America,Stealth,Very Hard,49,168.4,2024-05-10
636,PC,Latin America,Stealth,Hard,44,114.3,2024-05-05
637,PS5,Europe,Stealth,Normal,49,42.4,2023-11-10
638,PC,North America,Combat,Normal,15,95.2,2023-12-04
639,PC,Europe,Combat,Very Hard,45,55.3,2024-05-03
640,PS5,Europe,Netrunner,Normal,27,75.3,2024-05-06
641,PC,North America,Netrunner,Normal,39,41.3,2023-11-05
642,PC,North America,Netrunner,Very Hard,32,52.7,2024-06-24
643,Xbox Series X,Europe,Balanced,Normal,33,21.6,2024-05-16
644,PS5,North America,Netrunner,Normal,16,29.1,2024-06-25
645,PC,Other,Combat,Easy,43,131.4,2024-01-23
646,PC,North America,Combat,Normal,46,179.6,2024-05-20
647,PS5,North America,Combat,Hard,24,12.0,2024-04-13
648,PC,Europe,Combat,Hard,39,149.4,2023-11-27
649,Xbox Series X,Asia Pacific,Stealth,Very Hard,30,133.3,2023-10-13
650,PC,Asia Pacific,Combat,Hard,28,86.2,2024-03-03
651,Xbox Series X,North America,Netrunner,Hard,50,94.7,2024-02-02
652,PS5,North America,Stealth,Easy,28,175.2,2024-01-24
653,PS5,North America,Combat,Normal,22,72.5,2024-01-28
654,PC,North America,Netrunner,Normal,24,68.1,2023-11-10
655,PC,Europe,Netrunner,Normal,18,12.6,2023-12-13
656,PS5,Asia Pacific,Combat,Normal,50,142.4,2024-03-21
657,Xbox Series X,Europe,Combat,Hard,37,130.9,2024-02-01
658,Xbox Series X,Europe,Stealth,Normal,46,35.8,2023-12-30
659,PS5,North America,Stealth,Very Hard,50,30.5,2024-06-23
660,PC,North America,Combat,Normal,15,140.1,2024-06-11
661,PC,North America,Combat,Very Hard,30,59.1,2023-10-28
662,PS5,Europe,Stealth,Normal,46,138.3,2023-12-13
663,PS5,North America,Netrunner,Easy,48,119.3,2023-10-18
664,Xbox Series X,North America,Balanced,Normal,46,36.1,2023-10-12
665,PS5,Asia Pacific,Netrunner,Normal,31,10.7,2024-01-17
666,PS5,North America,Balanced,Normal,46,167.3,2023-11-05
667,PS5,Europe,Stealth,Hard,41,148.3,2023-10-25
668,Xbox Series X,North America,Combat,Easy,34,15.9,2024-01-14
669,Xbox Series X,North America,Netrunner,Normal,27,36.4,2024-01-31
670,PS5,Latin America,Netrunner,Hard,21,138.4,2024-03-27
671,PS5,Asia Pacific,Stealth,Easy,26,99.9,2024-06-10
672,PC,North America,Balanced,Normal,37,162.6,2024-03-10
673,Xbox Series X,Europe,Netrunner,Hard,35,110.3,2024-01-13
674,PC,Europe,Netrunner,Normal,43,81.7,2024-04-16
675,PC,North America,Combat,Easy,23,178.8,2024-02-27
676,PC,Other,Combat,Normal,32,165.6,2024-06-13
677,PS5,Latin America,Combat,Easy,37,29.8,2024-02-08
678,PC,Europe,Combat,Hard,20,103.5,2024-01-15
679,PS5,Asia Pacific,Netrunner,Normal,21,108.0,2024-02-26
680,PC,Asia Pacific,Stealth,Hard,36,63.9,2024-05-05
681,PC,Asia Pacific,Balanced,Normal,15,114.8,2024-04-08
682,PC,Europe,Stealth,Hard,35,91.4,2024-01-17
683,PC,Europe,Balanced,Very Hard,47,18.0,2024-05-04
684,PC,Europe,Combat,Easy,18,99.6,2024-02-07
685,PC,Europe,Netrunner,Easy,23,87.6,2024-01-05
686,PS5,Europe,Combat,Hard,48,45.8,2023-11-01
687,PC,Europe,Netrunner,Hard,22,121.6,2024-04-29
688,PC,North America,Stealth,Hard,34,32.1,2024-03-23
689,PS5,Other,Stealth,Easy,17,166.5,2024-01-23
690,PC,North America,Netrunner,Very Hard,22,133.6,2024-01-28
691,Xbox Series X,Latin America,Balanced,Hard,15,63.1,2023-11-21
692,PC,Europe,Stealth,Hard,28,38.3,2024-06-19
693,PS5,Europe,Netrunner,Very Hard,16,69.0,2024-06-21
694,PC,North America,Combat,Hard,32,11.4,2023-09-30
695,PC,Europe,Netrunner,Very Hard,38,155.8,2023-10-05
696,PC,Latin America,Stealth,Very Hard,47,175.8,2023-11-15
697,Xbox Series X,Europe,Netrunner,Easy,27,91.1,2024-05-17
698,PS5,Asia Pacific,Combat,Very Hard,34,61.4,2024-04-14
699,PS5,North America,Netrunner,Normal,34,44.0,2024-06-08
700,PC,North America,Combat,Normal,16,170.1,2024-02-16
701,PC,North America,Stealth,Easy,39,94.7,2024-01-20
702,PC,Europe,Stealth,Normal,36,82.0,2023-12-02
703,PC,North America,Stealth,Hard,23,57.0,2024-06-20
704,Xbox Series X,Europe,Balanced,Hard,25,58.5,2024-06-24
705,Xbox Series X,North America,Stealth,Very Hard,16,138.2,2024-04-24
706,Xbox Series X,North America,Netrunner,Hard,32,29.0,2023-12-31
707,PC,North America,Netrunner,Hard,32,109.8,2024-01-22
708,PS5,North America,Combat,Easy,45,25.9,2024-05-23
709,PS5,North America,Balanced,Normal,23,31.2,2024-01-19
710,PC,Asia Pacific,Combat,Normal,41,41.6,2024-01-07
711,PS5,North America,Balanced,Very Hard,46,124.4,2024-05-17
712,Xbox Series X,Europe,Netrunner,Hard,39,130.2,2024-04-14
713,PS5,Asia Pacific,Netrunner,Normal,17,94.7,2024-05-14
714,PS5,Asia Pacific,Balanced,Normal,49,72.4,2023-10-16
715,PS5,Europe,Netrunner,Easy,33,80.2,2024-02-28
716,PS5,North America,Combat,Normal,18,124.8,2023-12-07
717,PS5,Europe,Combat,Normal,26,140.6,2023-12-04
718,PC,North America,Combat,Normal,27,159.1,2023-11-11
719,PC,Europe,Balanced,Hard,22,18.2,2024-05-13
720,PS5,North America,Netrunner,Hard,47,110.9,2023-12-16
721,PC,Europe,Netrunner,Very Hard,24,30.9,2023-12-09
722,PC,Asia Pacific,Stealth,Normal,43,53.4,2023-12-27
723,PC,North America,Combat,Hard,31,4.2,2024-06-06
724,Xbox Series X,Europe,Combat,Very Hard,30,40.6,2024-05-26
725,PS5,Europe,Netrunner,Easy,50,51.5,2024-01-10
726,PC,North America,Netrunner,Easy,17,120.7,2024-02-25
727,PC,North America,Combat,Very Hard,25,121.6,2023-12-25
728,Xbox Series X,Asia Pacific,Stealth,Easy,34,59.5,2024-04-07
729,Xbox Series X,Asia Pacific,Balanced,Easy,45,25.9,2024-02-13
730,PC,Europe,Combat,Normal,18,21.5,2024-06-22
731,Xbox Series X,Europe,Netrunner,Very Hard,33,78.0,2024-03-06
732,PC,Europe,Netrunner,Very Hard,46,94.5,2024-06-06
733,PS5,North America,Netrunner,Hard,27,2.3,2023-10-08
734,PS5,Asia Pacific,Netrunner,Normal,41,75.7,2024-03-14
735,PC,Asia Pacific,Combat,Hard,33,47.3,2023-10-30
736,PC,Europe,Stealth,Easy,36,62.8,2023-10-10
737,Xbox Series X,North America,Balanced,Very Hard,45,165.1,2023-10-14
738,PS5,Europe,Netrunner,Very Hard,49,161.5,2024-05-19
739,PS5,Europe,Netrunner,Hard,34,102.6,2024-03-05
740,PS5,North America,Netrunner,Normal,37,13.8,2023-12-11
741,PC,North America,Balanced,Hard,25,103.6,2024-04-12
742,PC,North America,Netrunner,Normal,35,128.4,2024-02-12
743,PC,Europe,Combat,Normal,34,40.5,2024-02-27
744,PC,North America,Combat,Normal,20,81.0,2023-10-08
745,PS5,Latin America,Combat,Normal,45,132.4,2024-06-20
746,PC,North America,Netrunner,Easy,48,122.5,2023-12-02
747,PC,North America,Stealth,Very Hard,22,2.7,2023-10-18
748,PS5,Europe,Combat,Normal,17,20.4,2024-03-03
749,PC,Asia Pacific,Netrunner,Normal,27,36.3,2024-02-14
750,PS5,Asia Pacific,Netrunner,Normal,25,50.7,2023-10-03
751,Xbox Series X,Europe,Combat,Normal,50,58.7,2023-12-07
752,Xbox Series X,Asia Pacific,Netrunner,Normal,34,111.2,2024-03-17
753,PS5,North America,Combat,Very Hard,18,20.9,2023-10-23
754,PC,Europe,Netrunner,Very Hard,43,111.7,2024-03-03
755,PC,North America,Netrunner,Hard,20,175.3,2024-05-21
756,PS5,North America,Balanced,Hard,21,83.1,2024-05-21
757,PS5,Latin America,Combat,Very Hard,31,164.5,2024-04-13
758,PC,Latin America,Stealth,Very Hard,35,82.7,2023-10-11
759,PC,North America,Stealth,Hard,33,138.7,2023-11-30
760,PS5,Europe,Netrunner,Easy,50,117.6,2024-02-27
761,PS5,Europe,Stealth,Hard,50,30.3,2024-05-29
762,PC,North America,Balanced,Hard,42,103.0,2024-03-19
763,PS5,North America,Netrunner,Easy,46,22.3,2024-05-20
764,PC,North America,Stealth,Normal,40,14.4,2023-11-20
765,PS5,Europe,Balanced,Normal,18,18.1,2023-12-06
766,Xbox Series X,Latin America,Netrunner,Easy,24,119.6,2024-05-14
767,PS5,Europe,Netrunner,Normal,35,55.4,2024-02-28
768,Xbox Series X,Latin America,Netrunner,Very Hard,20,105.7,2024-06-13
769,PC,North America,Combat,Normal,50,174.3,2023-09-26
770,PS5,Asia Pacific,Stealth,Very Hard,16,43.9,2024-04-14
771,PS5,Asia Pacific,Stealth,Normal,28,119.9,2024-05-26
772,PC,Europe,Balanced,Normal,41,29.5,2023-11-29
773,PC,North America,Combat,Hard,46,119.1,2023-12-04
774,PC,Europe,Stealth,Normal,42,112.9,2024-05-15
775,PS5,Europe,Stealth,Normal,26,77.6,2023-09-29
776,PS5,Asia Pacific,Combat,Normal,41,166.9,2024-03-31
777,PC,North America,Stealth,Normal,45,173.2,2023-11-05
778,PC,Asia Pacific,Balanced,Very Hard,32,84.8,2023-11-05
779,PS5,Europe,Combat,Hard,19,123.8,2024-06-28
780,PS5,North America,Combat,Normal,15,85.5,2024-06-14
781,Xbox Series X,Europe,Stealth,Normal,33,53.5,2023-10-14
782,PS5,Europe,Stealth,Hard,31,12.9,2024-05-25
783,PS5,Europe,Netrunner,Normal,16,53.1,2023-11-07
784,PC,North America,Netrunner,Normal,32,51.0,2024-02-04
785,PC,North America,Combat,Hard,24,119.3,2024-04-02
786,Xbox Series X,North America,Netrunner,Normal,48,155.4,2024-03-19
787,Xbox Series X,Other,Netrunner,Hard,46,136.0,2024-04-24
788,PS5,North America,Stealth,Hard,28,104.8,2024-03-20
789,PC,North America,Balanced,Easy,44,73.0,2024-02-27
790,PS5,Latin America,Balanced,Normal,39,86.5,2023-12-09
791,PS5,Europe,Combat,Hard,39,122.8,2024-06-23
792,PS5,North America,Balanced,Hard,42,110.7,2024-02-12
793,PC,North America,Combat,Hard,40,84.1,2024-01-27
794,PS5,Europe,Combat,Normal,26,57.8,2023-10-01
795,PS5,Asia Pacific,Combat,Easy,21,124.0,2024-03-23
796,PC,North America,Combat,Easy,20,12.1,2024-01-15
797,Xbox Series X,Europe,Netrunner,Easy,23,68.9,2023-12-29
798,Xbox Series X,Europe,Combat,Normal,19,115.7,2024-02-14
799,PS5,Europe,Netrunner,Hard,31,30.8,2023-11-02
800,PC,North America,Stealth,Very Hard,31,172.1,2024-02-08
801,PC,North America,Balanced,Normal,40,33.8,2024-06-03
802,PC,Europe,Stealth,Hard,21,164.4,2024-02-05
803,PC,North America,Netrunner,Normal,43,5.3,2024-06-06
804,PC,Europe,Balanced,Hard,32,29.0,2024-03-12
805,Xbox Series X,Europe,Stealth,Very Hard,46,87.1,2024-04-19
806,Xbox Series X,Asia Pacific,Netrunner,Normal,15,70.4,2024-05-29
807,PC,Europe,Balanced,Normal,34,73.3,2023-11-11
808,PC,Asia Pacific,Stealth,Hard,33,117.3,2023-12-25
809,PS5,Other,Netrunner,Normal,39,161.6,2024-03-27
810,PS5,Latin America,Stealth,Normal,17,36.4,2024-01-26
811,PS5,North America,Stealth,Normal,49,173.8,2024-05-13
812,Xbox Series X,North America,Stealth,Normal,17,74.2,2024-01-12
813,Xbox Series X,Europe,Stealth,Hard,49,28.5,2024-01-23
814,Xbox Series X,North America,Combat,Hard,45,163.5,2023-10-19
815,PC,Europe,Combat,Hard,34,148.1,2023-11-14
816,PS5,North America,Netrunner,Hard,21,22.3,2024-01-16
817,PC,North America,Stealth,Hard,40,59.7,2023-12-05
818,PC,Other,Combat,Easy,26,61.7,2023-11-26
819,PC,Asia Pacific,Combat,Normal,25,80.1,2023-10-16
820,PC,Asia Pacific,Netrunner,Normal,25,4.8,2024-06-01
821,PC,North America,Balanced,Hard,33,76.1,2024-05-26
822,PS5,North America,Netrunner,Normal,41,44.6,2023-12-24
823,PS5,North America,Combat,Normal,20,113.6,2024-02-27
824,PC,North America,Combat,Easy,48,175.9,2024-03-29
825,Xbox Series X,Other,Stealth,Normal,28,51.2,2024-01-03
826,PC,North America,Balanced,Very Hard,46,33.4,2023-10-18
827,PC,North America,Combat,Normal,44,9.7,2023-10-22
828,Xbox Series X,North America,Netrunner,Normal,22,14.6,2024-01-24
829,PS5,Europe,Stealth,Normal,35,43.0,2023-11-21
830,PC,North America,Netrunner,Very Hard,39,160.7,2023-11-02
831,PS5,Europe,Balanced,Easy,44,33.7,2024-04-04
832,PC,Asia Pacific,Netrunner,Very Hard,27,61.8,2023-10-12
833,PS5,North America,Combat,Very Hard,44,76.4,2024-03-19
834,PC,North America,Combat,Hard,25,104.9,2024-01-21
835,PC,Asia Pacific,Stealth,Very Hard,45,151.0,2024-02-15
836,PC,Europe,Balanced,Normal,42,105.1,2023-12-11
837,Xbox Series X,Latin America,Stealth,Easy,45,132.6,2024-06-10
838,PC,Europe,Stealth,Hard,21,82.5,2024-01-27
839,PC,Asia Pacific,Netrunner,Normal,28,25.6,2024-02-24
840,PC,Other,Combat,Hard,25,127.2,2023-10-08
841,Xbox Series X,Europe,Combat,Hard,26,142.6,2024-04-02
842,PS5,Asia Pacific,Combat,Hard,39,161.0,2024-03-14
843,PS5,North America,Netrunner,Hard,49,104.4,2024-01-10
844,PS5,North America,Balanced,Hard,18,93.6,2024-03-30
845,Xbox Series X,North America,Stealth,Hard,38,67.2,2023-10-30
846,PS5,Asia Pacific,Combat,Normal,49,22.2,2024-05-27
847,PS5,Asia Pacific,Balanced,Hard,29,59.0,2024-02-09
848,PS5,Europe,Combat,Normal,43,88.5,2024-06-21
849,Xbox Series X,Europe,Stealth,Hard,33,82.5,2024-04-01
850,PS5,Latin America,Balanced,Very Hard,19,35.5,2024-05-17
851,PC,Europe,Combat,Very Hard,19,21.5,2024-02-14
852,PC,North America,Combat,Normal,16,54.2,2024-06-29
853,Xbox Series X,Europe,Stealth,Hard,16,53.9,2023-10-28
854,PC,Asia Pacific,Balanced,Normal,36,75.3,2024-03-19
855,PS5,Asia Pacific,Stealth,Hard,48,151.9,2024-05-10
856,PS5,Europe,Balanced,Normal,31,42.4,2024-04-03
857,Xbox Series X,Asia Pacific,Combat,Normal,44,172.2,2023-12-17
858,PS5,North America,Balanced,Hard,24,30.7,2023-11-24
859,PC,North America,Combat,Normal,26,38.5,2023-10-13
860,PS5,Other,Combat,Normal,25,97.0,2023-11-27
861,Xbox Series X,Europe,Stealth,Easy,44,167.2,2023-12-14
862,PC,Asia Pacific,Balanced,Normal,33,86.4,2024-02-21
863,Xbox Series X,Asia Pacific,Balanced,Hard,43,62.3,2023-11-22
864,PS5,Latin America,Combat,Hard,34,6.4,2024-01-16
865,PC,North America,Combat,Hard,48,41.5,2024-02-15
866,PC,North America,Balanced,Hard,20,175.7,2024-04-14
867,PC,North America,Netrunner,Very Hard,38,72.8,2024-05-01
868,PC,North America,Combat,Normal,43,157.6,2023-11-09
869,PC,Latin America,Netrunner,Normal,43,53.4,2024-04-30
870,PS5,Europe,Balanced,Hard,24,39.0,2024-05-26
871,Xbox Series X,Europe,Stealth,Very Hard,39,17.7,2024-04-22
872,PS5,North America,Combat,Normal,23,37.5,2024-04-08
873,PC,Europe,Balanced,Normal,34,89.9,2024-05-20
874,PC,Asia Pacific,Combat,Normal,45,24.1,2024-02-20
875,PC,Europe,Netrunner,Normal,22,138.1,2024-06-04
876,Xbox Series X,North America,Netrunner,Hard,42,156.6,2024-05-26
877,Xbox Series X,Asia Pacific,Stealth,Hard,16,152.5,2023-12-18
878,PS5,North America,Stealth,Hard,37,31.1,2024-02-12
879,PC,Europe,Balanced,Easy,33,96.3,2023-11-04
880,PS5,Asia Pacific,Combat,Easy,25,98.8,2024-03-05
881,Xbox Series X,Europe,Stealth,Hard,38,19.1,2024-03-24
882,Xbox Series X,North America,Stealth,Normal,46,75.3,2023-12-18
883,PC,North America,Combat,Normal,50,111.2,2024-06-21
884,Xbox Series X,Asia Pacific,Netrunner,Hard,41,84.0,2023-11-04
885,PC,North America,Combat,Normal,38,26.7,2024-05-09
886,Xbox Series X,Europe,Netrunner,Normal,34,7.1,2023-11-25
887,PC,Asia Pacific,Combat,Normal,23,39.4,2023-11-05
888,PC,Asia Pacific,Combat,Easy,45,136.8,2023-10-17
889,PC,North America,Netrunner,Hard,45,23.2,2024-02-02
890,PC,North America,Combat,Easy,22,165.8,2024-01-09
891,PS5,North America,Netrunner,Easy,24,152.6,2024-02-15
892,Xbox Series X,North America,Combat,Normal,30,91.9,2023-10-30
893,PC,Europe,Combat,Normal,27,173.6,2023-12-22
894,Xbox Series X,Europe,Balanced,Easy,28,165.8,2024-05-26
895,PC,Europe,Stealth,Very Hard,26,150.6,2024-04-07
896,PC,Europe,Stealth,Hard,35,24.0,2023-11-21
897,PS5,Europe,Stealth,Normal,17,16.6,2024-06-04
898,PC,North America,Netrunner,Normal,43,42.2,2024-04-21
899,PC,Asia Pacific,Combat,Easy,45,169.2,2024-04-01
900,PC,Other,Stealth,Easy,43,95.0,2023-11-08
